price	locate	disk	cpu	ip	memory	band
19.62	DALLAS, TX	10	1	1	1536	1500
82.95	LOS ANGELES, CA	20	4	1	4096	4000
13.25	BUFFALO, NY	10	1	1	1920	1500
69.82	SEATTLE, WA	35	4	1	4096	3000
24.04	LOS ANGELES, CA	10	1	1	2304	2000
34.59	ATLANTA, GA	10	2	1	1280	1000
11.76	BUFFALO, NY	10	1	1	640	500
9.85	BUFFALO, NY	5	1	1	1024	1000
34.58	LOS ANGELES, CA	10	2	1	1024	1000
15.08	CHICAGO, IL	10	1	1	768	500
15.62	PISCATAWAY, NJ	10	1	1	1024	1000
21.31	BUFFALO, NY	10	1	1	3072	1500
15.13	ATLANTA, GA	10	1	1	1024	500
16.25	SAN JOSE, CA	20	1	1	1536	1000
29.55	BUFFALO, NY	10	2	1	1152	1000
48.31	BUFFALO, NY	10	3	1	2176	2000
63.68	CHICAGO, IL	30	3	1	1792	1500
66.21	BUFFALO, NY	10	4	1	1920	1500
28.52	PISCATAWAY, NJ	10	1	1	3200	3000
47.41	CHICAGO, IL	35	2	1	2688	2500
23.70	BUFFALO, NY	20	1	1	1920	1500
16.45	BUFFALO, NY	10	1	1	2048	2000
14.58	ATLANTA, GA	10	1	1	1280	1000
33.84	BUFFALO, NY	10	3	1	1536	1500
30.72	SAN JOSE, CA	10	2	1	2816	2500
13.59	BUFFALO, NY	10	1	1	1024	1000
27.55	BUFFALO, NY	10	2	1	1792	1500
16.62	ATLANTA, GA	10	1	1	1920	1500
25.31	BUFFALO, NY	20	2	1	1536	1000
18.60	LOS ANGELES, CA	10	1	1	1024	1000
42.76	BUFFALO, NY	10	2	1	4608	4500
35.06	BUFFALO, NY	10	2	1	2432	2000
14.69	PISCATAWAY, NJ	15	1	1	3072	3000
24.45	LOS ANGELES, CA	20	3	1	3072	2500
8.92	SAN JOSE, CA	15	1	1	512	500
35.78	SAN JOSE, CA	100	2	2	3072	2000
18.76	BUFFALO, NY	20	1	1	2176	2000
26.08	DALLAS, TX	20	2	1	1536	1000
17.51	BUFFALO, NY	15	1	1	4096	2000
13.29	BUFFALO, NY	15	1	1	1792	1500
12.28	BUFFALO, NY	15	1	1	1280	1000
10.68	PISCATAWAY, NJ	15	1	1	768	500
8.00	ATLANTA, GA	15	1	1	512	500
53.37	LOS ANGELES, CA	75	4	1	4096	4000
4.95	BUFFALO, NY	5	2	1	384	1000
42.66	SEATTLE, WA	40	3	1	3172	3000
16.48	PISCATAWAY, NJ	10	1	1	1920	1500
16.48	BUFFALO, NY	10	1	1	1280	1000
94.74	SEATTLE, WA	135	4	1	8576	8500
15.32	BUFFALO, NY	15	1	1	1280	1000
9.09	PISCATAWAY, NJ	10	1	1	896	500
79.99	PISCATAWAY, NJ	150	4	4	6144	4000
3.99	BUFFALO, NY	10	2	1	1024	1000
32.68	LOS ANGELES, CA	10	3	1	1024	1000
16.28	CHICAGO, IL	10	1	1	1536	1000
16.30	BUFFALO, NY	10	1	1	1152	1000
35.89	LOS ANGELES, CA	10	3	1	2048	1500
35.90	DALLAS, TX	10	3	1	1024	1000
46.15	LOS ANGELES, CA	10	4	1	3456	2000
16.28	ATLANTA, GA	20	1	1	1152	1000
15.32	PISCATAWAY, NJ	15	1	1	1792	1500
47.93	DALLAS, TX	20	4	1	2432	2000
17.38	LOS ANGELES, CA	15	1	1	1664	1500
12.52	ATLANTA, GA	15	1	1	1152	500
37.58	BUFFALO, NY	10	3	1	1280	1000
24.90	CHICAGO, IL	35	2	1	1920	1000
24.62	BUFFALO, NY	15	2	1	1792	1500
26.74	LOS ANGELES, CA	15	2	1	4096	4500
14.60	SEATTLE, WA	25	1	1	640	500
24.46	PISCATAWAY, NJ	55	2	1	2048	1500
71.43	SEATTLE, WA	80	4	1	7296	7000
12.52	BUFFALO, NY	15	1	1	1280	500
16.45	CHICAGO, IL	20	1	1	1280	1000
24.64	LOS ANGELES, CA	15	2	1	1920	1500
36.66	CHICAGO, IL	15	3	1	2944	2500
16.98	LOS ANGELES, CA	15	1	1	1408	1000
17.58	PISCATAWAY, NJ	25	1	1	1024	1000
25.90	ATLANTA, GA	15	2	1	3584	3500
18.86	SAN JOSE, CA	10	1	1	2688	2500
20.18	DALLAS, TX	40	1	1	1280	1000
22.82	PISCATAWAY, NJ	10	1	1	4480	4000
26.29	BUFFALO, NY	10	2	1	1536	1500
24.62	BUFFALO, NY	15	2	1	1792	1500
24.63	BUFFALO, NY	15	2	1	1664	1500
24.62	BUFFALO, NY	15	2	1	1408	1000
12.52	ATLANTA, GA	15	1	1	1536	1000
42.61	LOS ANGELES, CA	15	4	1	2816	2500
24.60	PISCATAWAY, NJ	15	2	1	1536	1000
22.22	SEATTLE, WA	55	2	1	1408	1000
12.52	BUFFALO, NY	15	1	1	1024	500
47.93	BUFFALO, NY	15	4	1	2816	2500
33.79	BUFFALO, NY	15	3	1	1408	1000
37.40	CHICAGO, IL	30	3	1	2304	2000
33.80	ATLANTA, GA	15	3	1	2048	2000
21.66	PISCATAWAY, NJ	15	1	1	3072	3000
19.81	BUFFALO, NY	10	1	1	5632	5500
45.81	BUFFALO, NY	30	4	1	5120	3500
22.83	BUFFALO, NY	30	2	1	3328	2000
55.36	SEATTLE, WA	35	4	1	4480	4000
26.14	PISCATAWAY, NJ	25	1	1	4480	4000
24.64	LOS ANGELES, CA	15	2	1	1664	1500
12.52	BUFFALO, NY	15	1	1	1152	500
49.94	LOS ANGELES, CA	50	4	1	3328	3000
37.88	BUFFALO, NY	30	4	1	1920	1000
45.95	LOS ANGELES, CA	15	4	1	1408	1000
21.93	PISCATAWAY, NJ	15	2	1	1152	500
11.87	BUFFALO, NY	10	1	1	1152	1000
15.90	BUFFALO, NY	15	1	1	1536	1500
24.60	BUFFALO, NY	15	2	1	1536	1500
13.68	CHICAGO, IL	20	1	1	896	500
35.60	LOS ANGELES, CA	10	3	1	896	500
24.62	BUFFALO, NY	15	2	1	1408	1000
16.13	DALLAS, TX	40	1	1	1280	1000
36.65	BUFFALO, NY	15	3	1	2560	2500
15.90	BUFFALO, NY	15	1	1	1536	1500
24.62	LOS ANGELES, CA	15	2	1	1408	1000
47.97	SEATTLE, WA	40	4	1	1536	1500
35.42	CHICAGO, IL	30	3	1	1664	1000
53.09	LOS ANGELES, CA	55	4	1	2688	1500
10.92	SEATTLE, WA	15	1	1	512	250
24.60	LOS ANGELES, CA	15	2	1	1792	1500
57.85	ATLANTA, GA	15	4	1	7296	7000
33.82	CHICAGO, IL	15	3	1	1408	1000
55.07	LOS ANGELES, CA	55	4	1	3584	3500
23.35	BUFFALO, NY	30	2	1	3456	2500
27.41	CHICAGO, IL	15	2	1	2560	2500
27.42	DALLAS, TX	15	2	1	2304	2000
39.41	SEATTLE, WA	15	3	1	3328	3000
45.79	BUFFALO, NY	15	4	1	2944	2500
15.40	DALLAS, TX	15	1	1	1792	1500
37.40	CHICAGO, IL	30	3	1	2304	2000
13.50	DALLAS, TX	35	1	1	896	500
11.87	LOS ANGELES, CA	10	1	1	1152	1000
29.87	PISCATAWAY, NJ	15	2	1	5376	5000
18.22	BUFFALO, NY	15	1	1	2688	2500
33.82	SEATTLE, WA	15	3	1	1920	1500
27.24	LOS ANGELES, CA	30	2	1	1792	1500
68.74	SEATTLE, WA	85	4	1	6272	6000
41.85	BUFFALO, NY	30	4	1	3584	2500
27.44	LOS ANGELES, CA	15	2	1	2304	2000
36.65	BUFFALO, NY	15	3	1	2560	2500
39.48	LOS ANGELES, CA	10	3	1	7168	7000
64.76	LOS ANGELES, CA	105	4	1	7040	6500
51.93	SEATTLE, WA	45	4	1	2816	1500
24.63	BUFFALO, NY	15	2	1	1408	1000
48.58	LOS ANGELES, CA	20	4	1	2304	1500
14.26	CHICAGO, IL	25	1	1	512	500
8.92	SEATTLE, WA	15	1	1	512	250
120.00	LOS ANGELES, CA	150	6	1	14336	5000
36.00	LOS ANGELES, CA	55	2	1	3072	3500
47.89	LOS ANGELES, CA	50	4	1	6144	4000
8.62	SAN JOSE, CA	10	1	1	384	250
5.32	BUFFALO, NY	5	1	1	512	1000
5.31	BUFFALO, NY	5	1	1	384	500
5.30	BUFFALO, NY	5	1	1	256	1000
5.29	BUFFALO, NY	5	1	1	256	250
65.00	LOS ANGELES, CA	110	4	1	7168	7000
23.52	BUFFALO, NY	10	4	1	8192	4000
38.70	BUFFALO, NY	110	8	1	13568	3000
20.39	BUFFALO, NY	80	8	1	2560	3000
13.99	LOS ANGELES, CA	30	4	1	1664	30
33.33	BUFFALO, NY	35	6	3	6144	3000
15.89	BUFFALO, NY	10	1	1	1024	1000
32.17	PISCATAWAY, NJ	30	4	1	2944	2000
33.44	PISCATAWAY, NJ	55	2	1	2048	1500
43.36	SEATTLE, WA	35	4	1	2304	1500
21.46	BUFFALO, NY	15	2	1	1280	500
29.18	ATLANTA, GA	15	3	1	1536	1000
32.00	BUFFALO, NY	55	2	1	2048	1500
55.36	LOS ANGELES, CA	60	4	1	3840	3500
46.59	DALLAS, TX	15	4	1	2304	2000
46.08	SEATTLE, WA	35	4	1	3200	3000
21.46	BUFFALO, NY	15	2	1	1408	500
60.05	SEATTLE, WA	130	4	1	6272	4000
26.49	BUFFALO, NY	10	3	1	4352	4000
9.98	BUFFALO, NY	10	1	1	896	1000
21.46	BUFFALO, NY	15	2	1	1408	1000
31.90	LOS ANGELES, CA	15	3	1	2432	2000
33.91	LOS ANGELES, CA	15	3	1	1536	1500
28.96	BUFFALO, NY	15	2	1	2944	2500
29.00	LOS ANGELES, CA	30	2	1	1664	1500
7.68	BUFFALO, NY	5	1	1	768	1000
8.21	PISCATAWAY, NJ	15	1	1	768	500
7.68	PISCATAWAY, NJ	10	1	1	512	250
17.26	PISCATAWAY, NJ	10	1	1	2048	1000
21.46	BUFFALO, NY	15	2	1	1408	500
18.67	DALLAS, TX	40	1	1	1152	500
36.90	DALLAS, TX	15	4	1	1536	1000
24.18	CHICAGO, IL	15	2	1	2432	2000
28.33	BUFFALO, NY	10	2	1	2176	2000
45.00	SEATTLE, WA	100	4	1	8192	5000
30.00	ATLANTA, GA	50	2	1	2048	1000
8.95	BUFFALO, NY	15	2	1	1024	500
43.05	BUFFALO, NY	30	4	1	6656	5000
25.04	CHICAGO, IL	15	2	1	1664	1500
32.17	PISCATAWAY, NJ	30	4	1	3072	2000
21.46	BUFFALO, NY	15	2	1	1920	1000
28.33	SEATTLE, WA	10	2	1	2688	2500
53.00	SEATTLE, WA	100	4	1	8192	5000
299.00	BUFFALO, NY	500	8	1	32768	5000
30.00	LOS ANGELES, CA	20	2	1	4096	1000
8.90	BUFFALO, NY	15	1	1	1024	1000
7.50	DALLAS, TX	10	1	1	512	1000
30.00	BUFFALO, NY	10	3	2	2048	1000
40.00	LOS ANGELES, CA	50	4	1	4096	3000
7.00	DALLAS, TX	10	1	1	256	1000
55.00	LOS ANGELES, CA	60	4	1	6144	3500
50.00	LOS ANGELES, CA	70	3	1	6144	2000
6.50	BUFFALO, NY	5	1	1	512	750
9.00	BUFFALO, NY	5	1	1	1024	1000
13.50	BUFFALO, NY	5	2	1	1024	1000
12.30	DALLAS, TX	5	2	1	384	500
25.06	BUFFALO, NY	15	2	1	1920	1500
45.77	BUFFALO, NY	30	4	1	7424	5500
21.46	PISCATAWAY, NJ	15	2	1	1408	1000
33.33	BUFFALO, NY	10	3	1	1664	1500
26.90	DALLAS, TX	15	4	1	1408	1000
26.05	ATLANTA, GA	10	2	1	3712	3500
33.62	BUFFALO, NY	15	4	1	2688	2500
17.89	BUFFALO, NY	10	1	1	1408	1000
10.17	LOS ANGELES, CA	10	1	1	640	500
21.46	BUFFALO, NY	15	2	1	1280	500
34.89	BUFFALO, NY	30	4	1	3584	2500
27.17	PISCATAWAY, NJ	30	2	1	4736	3500
47.44	LOS ANGELES, CA	60	4	1	2944	1500
50.84	SEATTLE, WA	65	3	1	5120	5000
38.77	SEATTLE, WA	40	4	1	1024	500
25.10	BUFFALO, NY	15	2	1	1664	1500
42.47	CHICAGO, IL	30	3	1	2048	2000
25.05	PISCATAWAY, NJ	15	2	1	1280	1000
46.59	LOS ANGELES, CA	55	3	1	3456	3000
16.63	PISCATAWAY, NJ	15	1	1	2688	2500
39.62	BUFFALO, NY	15	4	1	2304	2000
29.18	BUFFALO, NY	15	3	1	1664	1000
24.45	BUFFALO, NY	30	2	1	3840	2500
22.89	BUFFALO, NY	10	2	1	896	500
30.61	LOS ANGELES, CA	10	3	1	768	500
36.90	BUFFALO, NY	15	4	1	2048	1000
24.45	BUFFALO, NY	30	2	1	3456	2500
25.61	DALLAS, TX	10	2	1	1920	1500
39.62	DALLAS, TX	15	4	1	2560	2500
12.38	PISCATAWAY, NJ	20	1	1	896	500
13.74	BUFFALO, NY	15	1	1	1152	500
21.05	CHICAGO, IL	40	2	1	1920	1000
50.16	LOS ANGELES, CA	60	4	1	3968	3500
31.56	CHICAGO, IL	25	3	1	2048	2000
29.18	DALLAS, TX	15	3	1	1792	1000
55.26	PISCATAWAY, NJ	10	3	1	9344	9000
36.05	BUFFALO, NY	10	3	1	2560	2500
31.90	BUFFALO, NY	15	3	1	2304	1500
36.90	LOS ANGELES, CA	15	4	1	1280	1000
17.89	BUFFALO, NY	10	1	1	1024	1000
21.46	PISCATAWAY, NJ	15	2	1	1024	500
39.62	DALLAS, TX	15	4	1	2176	2000
33.92	LOS ANGELES, CA	15	3	1	1280	1000
33.33	BUFFALO, NY	10	3	1	1536	1500
26.64	LOS ANGELES, CA	20	2	1	1920	1500
21.46	CHICAGO, IL	15	2	1	1152	1000
39.19	SEATTLE, WA	40	4	1	2048	1000
29.90	BUFFALO, NY	15	3	1	2176	1000
33.90	BUFFALO, NY	15	4	1	1536	1000
17.89	LOS ANGELES, CA	10	1	1	1152	1000
26.05	PISCATAWAY, NJ	10	1	1	4224	4000
25.61	CHICAGO, IL	10	2	1	1792	1500
39.62	ATLANTA, GA	15	4	1	2944	3000
42.78	DALLAS, TX	15	4	1	1664	1500
17.95	LOS ANGELES, CA	15	1	1	1664	1500
24.18	LOS ANGELES, CA	15	2	1	2176	2000
58.00	SEATTLE, WA	75	3	1	8064	8000
42.10	PISCATAWAY, NJ	10	3	1	6272	6000
26.90	PISCATAWAY, NJ	15	2	1	3712	2000
24.45	LOS ANGELES, CA	30	2	1	3328	2000
36.93	BUFFALO, NY	10	1	1	8192	8000
24.18	BUFFALO, NY	15	2	1	2304	2000
37.41	CHICAGO, IL	40	3	1	2560	2000
15.17	CHICAGO, IL	10	1	1	640	500
22.45	LOS ANGELES, CA	50	2	1	2048	1000
22.45	LOS ANGELES, CA	30	2	1	3200	2000
24.18	ATLANTA, GA	15	3	1	2048	2000
19.00	BUFFALO, NY	10	2	1	1536	1000
28.16	CHICAGO, IL	25	2	1	1536	1500
21.46	BUFFALO, NY	15	2	1	1408	500
21.46	SEATTLE, WA	15	2	1	1536	1500
38.52	ATLANTA, GA	15	4	1	3072	3000
50.00	LOS ANGELES, CA	80	4	1	8144	2000
11.02	BUFFALO, NY	15	1	1	1024	500
36.90	BUFFALO, NY	15	4	1	2048	1000
23.67	LOS ANGELES, CA	10	3	1	1280	1000
69.00	SEATTLE, WA	85	3	1	11008	10500
25.90	LOS ANGELES, CA	15	3	1	2048	1000
21.46	DALLAS, TX	15	2	1	1920	1500
44.21	SEATTLE, WA	40	3	1	3456	3000
36.05	ATLANTA, GA	10	3	1	2432	2500
39.62	CHICAGO, IL	15	4	1	2944	2500
25.96	SEATTLE, WA	30	4	1	2048	1000
13.89	BUFFALO, NY	10	1	1	1408	1000
19.54	CHICAGO, IL	15	1	1	1536	1500
24.26	CHICAGO, IL	15	2	1	1024	1000
33.25	LOS ANGELES, CA	15	3	1	1280	1000
53.55	DALLAS, TX	85	3	1	2048	1000
36.69	CHICAGO, IL	30	2	1	2176	2000
47.92	SEATTLE, WA	40	4	1	1024	500
64.24	SEATTLE, WA	65	3	1	5632	5500
43.20	BUFFALO, NY	15	4	1	1792	1000
18.67	BUFFALO, NY	15	1	1	2048	1000
41.38	LOS ANGELES, CA	15	4	1	1152	500
19.48	CHICAGO, IL	10	1	1	1024	250
26.33	BUFFALO, NY	15	2	1	1792	1500
48.64	BUFFALO, NY	10	3	1	5376	5000
51.24	PISCATAWAY, NJ	10	2	1	9472	9000
40.14	BUFFALO, NY	10	3	1	2304	2000
40.38	BUFFALO, NY	30	4	1	2944	2000
27.66	CHICAGO, IL	15	2	1	2176	2000
26.77	DALLAS, TX	15	2	1	1920	1500
20.67	BUFFALO, NY	15	1	1	2688	2500
36.93	DALLAS, TX	10	3	1	1152	1000
15.60	CHICAGO, IL	15	1	1	768	500
25.22	ATLANTA, GA	25	1	1	1024	1000
20.60	BUFFALO, NY	15	1	1	1792	1500
57.83	SEATTLE, WA	45	4	1	3968	4000
37.36	CHICAGO, IL	30	4	1	1920	1000
16.47	PISCATAWAY, NJ	15	1	1	1280	500
19.80	BUFFALO, NY	15	1	1	2048	1000
97.27	SEATTLE, WA	110	4	1	12288	12000
24.14	CHICAGO, IL	25	1	1	1152	1000
35.26	BUFFALO, NY	15	2	1	4992	4500
17.08	LOS ANGELES, CA	15	1	1	1408	1000
25.10	BUFFALO, NY	15	2	1	1280	500
43.29	DALLAS, TX	15	4	1	1792	1000
16.47	BUFFALO, NY	10	1	1	1664	1500
17.77	BUFFALO, NY	15	1	1	1664	1500
51.96	ATLANTA, GA	15	4	1	4992	3000
6.49	BUFFALO, NY	10	1	1	768	1000
23.61	CHICAGO, IL	15	2	1	768	500
38.08	BUFFALO, NY	10	3	1	1664	1500
24.31	DALLAS, TX	15	2	1	1024	1000
25.10	LOS ANGELES, CA	15	2	1	1280	500
33.86	DALLAS, TX	15	3	1	1408	1000
13.33	ATLANTA, GA	25	1	1	1024	1000
7.01	LOS ANGELES, CA	15	1	1	1024	500
80.00	LOS ANGELES, CA	125	4	1	12288	5000
50.00	LOS ANGELES, CA	80	4	1	8192	2000
29.98	SEATTLE, WA	80	8	1	2560	3000
6.22	CHICAGO, IL	30	1	1	768	500
24.46	LOS ANGELES, CA	35	1	1	768	500
6.74	BUFFALO, NY	5	1	1	512	500
17.50	LOS ANGELES, CA	5	5	1	5120	5000
42.96	DALLAS, TX	15	4	1	1664	1000
32.67	LOS ANGELES, CA	30	2	1	3072	1500
9.90	BUFFALO, NY	15	1	1	384	1000
7.30	BUFFALO, NY	10	1	1	256	500
1.00	BUFFALO, NY	5	2	1	512	500
45.59	BUFFALO, NY	15	4	1	2688	1500
41.93	BUFFALO, NY	10	3	1	3072	3000
56.67	BUFFALO, NY	15	4	1	6656	4000
44.81	BUFFALO, NY	15	4	1	2304	1500
21.25	ATLANTA, GA	15	1	1	2944	3000
47.87	BUFFALO, NY	30	4	1	5760	4000
37.97	LOS ANGELES, CA	15	3	1	2944	2500
60.00	BUFFALO, NY	30	3	1	3144	6000
52.00	LOS ANGELES, CA	40	4	1	4096	4000
3.99	LOS ANGELES, CA	3	1	1	64	2000
30.00	BUFFALO, NY	50	4	1	6144	20
9.00	BUFFALO, NY	5	4	1	1024	100
6.99	BUFFALO, NY	1	1	1	1024	1000
104.00	LOS ANGELES, CA	100	8	1	8192	6000
11.50	LOS ANGELES, CA	5	2	1	768	1000
44.70	BUFFALO, NY	15	4	1	2304	2000
44.06	LOS ANGELES, CA	15	4	1	1792	1000
18.09	BUFFALO, NY	15	1	1	1792	1000
26.42	DALLAS, TX	40	1	1	1664	1500
15.34	SEATTLE, WA	15	1	1	512	250
60.07	ATLANTA, GA	15	4	1	7936	5000
20.30	LOS ANGELES, CA	30	1	1	768	500
19.76	BUFFALO, NY	15	1	1	2432	2000
18.68	SEATTLE, WA	25	1	1	768	500
20.30	LOS ANGELES, CA	30	1	1	640	500
13.54	BUFFALO, NY	15	1	1	1664	1000
35.59	DALLAS, TX	15	3	1	1920	1500
28.37	LOS ANGELES, CA	10	2	1	1152	1000
11.61	BUFFALO, NY	10	1	1	1792	1500
19.14	ATLANTA, GA	15	2	1	2816	2500
24.00	BUFFALO, NY	30	2	1	3200	2000
15.34	CHICAGO, IL	25	1	1	896	500
15.98	PISCATAWAY, NJ	25	1	1	1024	1000
14.39	BUFFALO, NY	15	1	1	1152	1000
30.65	LOS ANGELES, CA	85	1	1	2176	2000
33.41	PISCATAWAY, NJ	30	2	1	7936	5500
20.98	LOS ANGELES, CA	10	1	1	2560	2500
25.75	BUFFALO, NY	30	2	1	4096	3000
38.51	SEATTLE, WA	15	3	1	2048	2000
48.60	SEATTLE, WA	30	4	1	10496	7500
26.84	BUFFALO, NY	15	2	1	3712	3500
16.94	LOS ANGELES, CA	25	1	1	1152	1000
59.75	BUFFALO, NY	15	4	1	12288	12000
50.05	LOS ANGELES, CA	15	4	1	3328	3000
170.73	SEATTLE, WA	590	4	1	9216	6000
38.51	SEATTLE, WA	15	3	1	2048	2000
38.86	ATLANTA, GA	10	3	1	3840	3500
31.46	BUFFALO, NY	30	2	1	6912	5000
46.66	SEATTLE, WA	55	4	1	1664	1000
34.46	DALLAS, TX	10	3	1	1664	1500
22.24	LOS ANGELES, CA	35	1	1	640	500
24.16	BUFFALO, NY	15	1	1	3328	3000
41.01	BUFFALO, NY	15	4	1	3200	2000
53.23	LOS ANGELES, CA	15	4	1	9216	6000
33.06	BUFFALO, NY	15	2	1	6656	4000
55.37	PISCATAWAY, NJ	10	3	1	11776	11500
30.87	DALLAS, TX	15	3	1	1920	1500
46.61	SEATTLE, WA	35	4	1	3584	2000
29.18	CHICAGO, IL	30	2	1	5760	4000
24.47	LOS ANGELES, CA	15	2	1	2432	1500
25.88	LOS ANGELES, CA	10	2	1	1152	1000
44.64	BUFFALO, NY	15	3	1	8704	8500
45.06	BUFFALO, NY	10	3	1	7040	7000
21.47	DALLAS, TX	40	1	1	1792	1500
37.32	LOS ANGELES, CA	10	3	1	3072	3000
17.71	DALLAS, TX	20	1	1	896	500
31.28	BUFFALO, NY	55	1	1	1280	1000
20.01	BUFFALO, NY	10	1	1	2048	2000
22.53	SAN JOSE, CA	25	1	1	1152	1000
46.78	ATLANTA, GA	10	3	1	7936	7500
35.79	SEATTLE, WA	15	3	1	4352	2500
38.04	BUFFALO, NY	30	4	1	5120	3500
14.00	SEATTLE, WA	15	1	1	640	500
26.52	PISCATAWAY, NJ	15	1	1	7296	7000
19.77	BUFFALO, NY	10	1	1	1920	1500
15.48	BUFFALO, NY	10	1	1	2304	2000
21.27	BUFFALO, NY	30	1	1	512	500
41.99	ATLANTA, GA	15	4	1	3712	2000
29.62	LOS ANGELES, CA	15	3	1	1280	500
33.21	BUFFALO, NY	15	2	1	6784	6500
24.91	LOS ANGELES, CA	50	2	1	1408	1000
14.27	PISCATAWAY, NJ	10	1	1	1664	1500
32.98	DALLAS, TX	30	4	1	2688	1500
19.81	DALLAS, TX	40	1	1	1280	500
17.71	LOS ANGELES, CA	20	1	1	640	500
39.14	PISCATAWAY, NJ	55	1	1	9216	6000
15.43	SEATTLE, WA	25	1	1	640	500
55.16	BUFFALO, NY	10	3	1	11776	11500
49.57	SEATTLE, WA	35	4	1	4992	5000
19.98	DALLAS, TX	25	1	1	640	500
18.68	PISCATAWAY, NJ	25	1	1	768	500
15.14	BUFFALO, NY	15	1	1	1536	1000
50.83	BUFFALO, NY	15	4	1	8064	5000
35.99	PISCATAWAY, NJ	30	4	1	4096	3000
38.72	PISCATAWAY, NJ	30	4	1	5504	4000
19.95	DALLAS, TX	35	1	1	1664	1500
19.65	BUFFALO, NY	25	1	1	640	500
25.81	BUFFALO, NY	15	2	1	3200	3000
16.12	BUFFALO, NY	15	1	1	2048	2000
24.57	BUFFALO, NY	15	2	1	2560	2500
30.95	ATLANTA, GA	15	3	1	1920	1000
37.44	LOS ANGELES, CA	30	4	1	4864	3500
19.72	LOS ANGELES, CA	25	1	1	1024	1000
14.75	BUFFALO, NY	10	1	1	1920	1500
29.84	BUFFALO, NY	30	2	1	6144	4500
27.85	LOS ANGELES, CA	65	2	1	1280	500
16.63	LOS ANGELES, CA	15	1	1	2304	2000
36.20	DALLAS, TX	10	3	1	2560	2500
14.16	SEATTLE, WA	15	1	1	640	250
34.27	LOS ANGELES, CA	10	3	1	1536	1500
26.47	DALLAS, TX	10	2	1	1408	1000
38.46	BUFFALO, NY	15	3	1	2432	2000
83.42	SEATTLE, WA	160	4	1	9216	6000
39.03	PISCATAWAY, NJ	30	4	1	5632	4000
33.14	DALLAS, TX	75	2	1	3072	2000
23.28	BUFFALO, NY	30	1	1	1152	1000
19.26	BUFFALO, NY	10	1	1	1664	1500
40.13	BUFFALO, NY	15	4	1	2688	2500
22.80	BUFFALO, NY	15	2	1	1664	1000
37.12	BUFFALO, NY	10	2	1	6656	6500
38.29	ATLANTA, GA	30	4	1	5248	3500
22.67	PISCATAWAY, NJ	15	1	1	5376	3500
25.41	BUFFALO, NY	15	2	1	2944	2500
25.57	BUFFALO, NY	50	2	1	1920	1000
22.39	BUFFALO, NY	30	2	1	2432	1500
44.37	SEATTLE, WA	55	3	1	2048	2000
35.46	CHICAGO, IL	30	3	1	2688	2500
51.17	DALLAS, TX	100	3	1	2944	1500
30.71	DALLAS, TX	15	3	1	1792	1000
32.32	BUFFALO, NY	15	3	1	2560	1500
35.43	PISCATAWAY, NJ	15	2	1	7936	7500
25.29	BUFFALO, NY	35	1	1	1152	1000
17.38	LOS ANGELES, CA	35	1	1	640	500
28.56	LOS ANGELES, CA	10	2	1	2560	2500
39.26	DALLAS, TX	15	4	1	2304	1500
41.56	BUFFALO, NY	15	4	1	3456	3000
34.00	BUFFALO, NY	15	3	1	3456	3000
21.60	BUFFALO, NY	30	1	1	768	500
49.10	DALLAS, TX	100	2	1	3456	3500
16.28	LOS ANGELES, CA	25	1	1	768	500
19.17	LOS ANGELES, CA	10	1	1	1536	1500
59.96	ATLANTA, GA	15	4	1	12288	12000
31.28	PISCATAWAY, NJ	55	1	1	1920	1500
16.66	BUFFALO, NY	30	1	1	640	500
23.94	LOS ANGELES, CA	15	2	1	2176	1000
76.23	PISCATAWAY, NJ	15	4	1	12288	12000
19.67	BUFFALO, NY	15	1	1	3840	3500
19.13	BUFFALO, NY	10	1	1	1536	1500
45.28	SEATTLE, WA	15	4	1	5376	3500
54.55	BUFFALO, NY	10	3	1	11776	11500
37.12	BUFFALO, NY	10	3	1	3072	3000
21.20	BUFFALO, NY	10	1	1	2560	2500
35.95	LOS ANGELES, CA	10	3	1	2432	2000
44.81	BUFFALO, NY	15	4	1	4992	3000
38.01	DALLAS, TX	15	4	1	1664	1500
37.91	BUFFALO, NY	10	3	1	3456	3000
59.55	PISCATAWAY, NJ	15	4	1	12288	12000
31.05	BUFFALO, NY	15	1	1	9600	9500
43.93	SEATTLE, WA	30	3	1	4224	4000
36.01	LOS ANGELES, CA	10	3	1	2432	2000
22.80	BUFFALO, NY	15	2	1	1664	1000
27.20	PISCATAWAY, NJ	30	1	1	6016	3500
16.65	BUFFALO, NY	30	1	1	640	500
16.51	BUFFALO, NY	25	1	1	768	250
25.02	BUFFALO, NY	30	2	1	3712	2500
42.06	LOS ANGELES, CA	30	4	1	7168	5000
36.13	DALLAS, TX	10	3	1	2560	2500
14.63	LOS ANGELES, CA	20	1	1	640	500
54.55	LOS ANGELES, CA	10	3	1	11776	11500
41.30	LOS ANGELES, CA	10	3	1	5120	5000
26.82	ATLANTA, GA	15	2	1	3584	3500
35.59	LOS ANGELES, CA	15	3	1	1920	1500
17.28	BUFFALO, NY	30	1	1	768	500
26.61	BUFFALO, NY	15	2	1	3584	3500
21.34	LOS ANGELES, CA	30	1	1	768	500
42.47	CHICAGO, IL	15	4	1	3968	3500
16.77	BUFFALO, NY	30	1	1	896	500
14.91	DALLAS, TX	20	1	1	896	500
40.52	CHICAGO, IL	15	4	1	2944	1500
14.23	CHICAGO, IL	20	1	1	512	250
26.94	BUFFALO, NY	15	2	1	1792	1500
59.12	LOS ANGELES, CA	75	4	1	5888	3500
17.14	PISCATAWAY, NJ	30	1	1	1024	1000
30.98	BUFFALO, NY	70	2	1	2432	1500
19.29	DALLAS, TX	35	1	1	1152	500
53.32	PISCATAWAY, NJ	10	3	1	11136	11000
13.44	PISCATAWAY, NJ	10	1	1	1280	1000
33.14	LOS ANGELES, CA	60	2	1	4480	3000
30.69	BUFFALO, NY	15	3	1	1792	1000
29.21	DALLAS, TX	20	2	1	1920	1500
17.62	LOS ANGELES, CA	35	1	1	640	500
59.84	DALLAS, TX	105	4	1	3072	2000
15.98	LOS ANGELES, CA	25	1	1	768	500
16.65	LOS ANGELES, CA	25	1	1	1024	500
30.57	CHICAGO, IL	20	2	1	2048	2000
17.17	CHICAGO, IL	10	1	1	640	500
15.74	LOS ANGELES, CA	25	1	1	768	250
17.47	BUFFALO, NY	15	1	1	2688	1500
42.39	ATLANTA, GA	30	4	1	7424	5500
16.37	BUFFALO, NY	15	1	1	2176	2000
49.91	SEATTLE, WA	65	4	1	2176	1000
25.06	DALLAS, TX	15	2	1	2816	2500
23.48	SEATTLE, WA	45	2	1	1280	500
42.38	ATLANTA, GA	30	4	1	7296	5500
27.55	BUFFALO, NY	40	1	1	1408	1000
39.39	SEATTLE, WA	15	4	1	2432	2000
30.96	PISCATAWAY, NJ	10	1	1	7552	7500
17.21	CHICAGO, IL	10	1	1	640	500
13.61	LOS ANGELES, CA	15	1	1	640	250
19.21	BUFFALO, NY	15	1	1	3584	3500
16.31	LOS ANGELES, CA	25	1	1	768	250
16.92	BUFFALO, NY	15	1	1	2304	2000
30.61	DALLAS, TX	50	1	1	1920	1500
14.10	LOS ANGELES, CA	20	1	1	384	250
22.16	PISCATAWAY, NJ	15	1	1	5120	3000
37.96	BUFFALO, NY	30	2	1	9984	7500
45.72	BUFFALO, NY	15	4	1	5504	3500
42.01	LOS ANGELES, CA	50	4	1	4864	3500
47.12	LOS ANGELES, CA	15	4	1	2304	2000
38.45	BUFFALO, NY	15	4	1	1920	1000
43.78	ATLANTA, GA	15	4	1	4608	4500
36.60	BUFFALO, NY	10	3	1	2816	2500
15.30	BUFFALO, NY	25	1	1	640	500
40.06	LOS ANGELES, CA	15	4	1	2688	1500
38.47	LOS ANGELES, CA	15	3	1	2688	2500
16.50	BUFFALO, NY	30	1	1	768	500
26.26	PISCATAWAY, NJ	15	1	1	7168	7000
29.59	BUFFALO, NY	10	2	1	3072	3000
16.07	BUFFALO, NY	15	1	1	2048	1000
26.34	DALLAS, TX	10	2	1	1408	1000
16.83	LOS ANGELES, CA	30	1	1	512	250
42.86	LOS ANGELES, CA	15	4	1	4096	2500
34.66	BUFFALO, NY	10	1	1	11776	11500
23.81	BUFFALO, NY	15	2	1	2176	2000
16.71	BUFFALO, NY	15	1	1	2304	2000
27.69	DALLAS, TX	10	2	1	2048	2000
36.98	BUFFALO, NY	10	3	1	2944	2500
30.93	LOS ANGELES, CA	15	3	1	1920	1500
22.21	LOS ANGELES, CA	40	2	1	1024	500
17.43	LOS ANGELES, CA	35	1	1	640	250
41.49	ATLANTA, GA	15	4	1	3456	2000
27.19	PISCATAWAY, NJ	15	1	1	7680	7500
16.78	BUFFALO, NY	30	1	1	896	500
36.70	BUFFALO, NY	15	1	1	12288	12000
84.44	LOS ANGELES, CA	135	4	1	12288	12000
18.75	SAN JOSE, CA	25	1	1	640	500
16.85	BUFFALO, NY	15	1	1	2304	2000
28.12	LOS ANGELES, CA	10	2	1	2304	2000
28.56	DALLAS, TX	10	2	1	2560	2500
37.58	BUFFALO, NY	10	3	1	3200	3000
53.02	PISCATAWAY, NJ	15	4	1	9216	6000
15.38	BUFFALO, NY	15	1	1	1664	1000
32.20	BUFFALO, NY	10	1	1	8192	8000
25.62	CHICAGO, IL	50	2	1	1792	1000
17.18	BUFFALO, NY	15	1	1	2560	1500
16.87	BUFFALO, NY	10	1	1	2944	2500
41.16	BUFFALO, NY	15	4	1	3200	3000
20.50	BUFFALO, NY	25	1	1	3072	2000
22.52	BUFFALO, NY	25	1	1	4096	4000
55.78	ATLANTA, GA	15	3	1	11776	11500
39.78	BUFFALO, NY	15	4	1	2560	2500
17.22	BUFFALO, NY	15	1	1	2560	2500
60.37	ATLANTA, GA	20	4	1	12288	12000
28.05	BUFFALO, NY	30	2	1	5248	3500
48.08	SEATTLE, WA	65	3	1	2560	2500
39.69	LOS ANGELES, CA	15	4	1	2304	2000
39.98	DALLAS, TX	15	4	1	2688	1500
59.35	LOS ANGELES, CA	15	4	1	12288	12000
19.49	BUFFALO, NY	10	1	1	1792	1500
51.56	BUFFALO, NY	10	3	1	9984	9500
14.02	LOS ANGELES, CA	20	1	1	384	250
24.09	SEATTLE, WA	45	2	1	1664	1000
7.68	SAN JOSE, CA	15	1	1	768	500
24.09	SEATTLE, WA	45	2	1	1664	1000
41.02	BUFFALO, NY	15	3	1	7040	6500
9.88	LOS ANGELES, CA	20	1	1	384	250
227.55	SEATTLE, WA	320	8	1	32768	10000
7.00	BUFFALO, NY	20	1	1	512	500
5.62	SAN JOSE, CA	10	1	1	192	500
7.68	LOS ANGELES, CA	15	1	1	768	500
8.00	DALLAS, TX	20	1	1	1024	500
6.99	SEATTLE, WA	15	1	1	384	500
5.99	SEATTLE, WA	10	1	1	192	500
5.50	SAN JOSE, CA	5	1	1	1024	500
6.82	ATLANTA, GA	10	1	1	512	500
26.66	ATLANTA, GA	50	2	1	2048	2000
550.00	ATLANTA, GA	1000	12	1	49152	10000
3.99	ATLANTA, GA	5	1	1	128	250
999.99	ATLANTA, GA	2000	16	1	65536	20000
39.54	PISCATAWAY, NJ	10	2	1	8064	8000
50.83	SEATTLE, WA	70	4	1	2304	1500
14.03	BUFFALO, NY	15	1	1	3072	2000
19.08	BUFFALO, NY	15	2	1	2304	2000
28.40	BUFFALO, NY	15	3	1	2816	2500
17.82	BUFFALO, NY	35	1	1	896	500
17.52	BUFFALO, NY	15	1	1	2816	1500
53.43	LOS ANGELES, CA	15	4	1	9216	6000
42.04	DALLAS, TX	15	4	1	3712	3500
21.53	BUFFALO, NY	10	1	1	2816	2500
27.43	BUFFALO, NY	65	2	1	1024	500
8.95	SAN JOSE, CA	15	1	1	768	500
9.00	SAN JOSE, CA	15	1	1	768	500
9.05	SAN JOSE, CA	15	1	1	768	500
9.10	SAN JOSE, CA	10	1	1	768	500
13.00	SAN JOSE, CA	25	1	1	1536	1000
7.00	BUFFALO, NY	10	1	1	512	1000
7.68	BUFFALO, NY	15	1	1	768	1000
6.82	BUFFALO, NY	15	1	1	512	500
8.01	BUFFALO, NY	15	1	1	384	500
8.70	SAN JOSE, CA	15	1	1	512	500
11.60	SAN JOSE, CA	20	1	1	768	750
17.40	SAN JOSE, CA	30	1	2	1024	1000
34.80	SAN JOSE, CA	60	2	3	2048	2000
52.20	SAN JOSE, CA	91	3	3	4071	3001
8.00	SAN JOSE, CA	10	1	1	512	750
5.00	LOS ANGELES, CA	10	1	1	256	1000
15.50	BUFFALO, NY	30	2	1	1024	2000
24.00	BUFFALO, NY	35	2	1	2048	1000
4.72	ATLANTA, GA	3	1	1	1024	1000
9.99	ATLANTA, GA	5	2	1	1024	1000
9.99	CHICAGO, IL	5	2	1	512	1500
9.99	DALLAS, TX	5	2	1	768	1500
6.00	BUFFALO, NY	5	1	1	384	500
4.72	BUFFALO, NY	3	1	1	1024	1000
12.00	BUFFALO, NY	12	1	4	4096	1000
19.99	BUFFALO, NY	10	3	3	4096	2000
19.00	BUFFALO, NY	10	4	2	1024	1500
1.00	BUFFALO, NY	1	1	1	100	1
35.00	BUFFALO, NY	20	4	4	4096	4000
30.00	BUFFALO, NY	10	3	1	2048	1000
70.80	LOS ANGELES, CA	100	4	1	8192	8000
25.00	LOS ANGELES, CA	35	1	1	3072	3000
35.55	LOS ANGELES, CA	50	3	1	5120	5000
7.00	BUFFALO, NY	20	1	1	512	500
5.50	SAN JOSE, CA	5	1	1	1024	500
6.99	SEATTLE, WA	15	1	1	384	500
7.68	ATLANTA, GA	15	1	1	768	1000
7.68	LOS ANGELES, CA	15	1	1	768	500
5.99	SEATTLE, WA	10	1	1	192	500
8.00	DALLAS, TX	20	1	1	1024	500
3.99	ATLANTA, GA	5	1	1	128	250
190.28	SAN JOSE, CA	320	6	1	16384	10000
190.28	BUFFALO, NY	320	6	4	16384	10000
5.00	LOS ANGELES, CA	10	1	1	256	1000
12.73	BUFFALO, NY	10	1	1	896	500
38.35	BUFFALO, NY	10	2	1	7424	7000
40.08	DALLAS, TX	100	2	1	3712	2500
32.01	BUFFALO, NY	15	3	1	2432	1500
47.75	BUFFALO, NY	10	3	1	8320	8000
41.90	ATLANTA, GA	10	3	1	5376	5000
35.51	BUFFALO, NY	10	3	1	2176	2000
34.87	DALLAS, TX	10	3	1	1920	1500
21.21	SEATTLE, WA	35	2	1	1152	500
42.45	BUFFALO, NY	15	4	1	3968	3500
19.11	BUFFALO, NY	10	1	1	1536	1500
23.81	SEATTLE, WA	15	2	1	2176	2000
30.16	PISCATAWAY, NJ	15	3	1	1536	1000
28.26	LOS ANGELES, CA	70	2	1	1280	500
30.02	DALLAS, TX	15	4	1	2688	1500
22.24	BUFFALO, NY	10	2	1	1920	1500
14.98	BUFFALO, NY	15	1	1	2048	1000
32.55	DALLAS, TX	15	3	1	2688	2500
38.71	CHICAGO, IL	40	3	1	3200	2000
41.68	ATLANTA, GA	15	4	1	3584	2000
55.44	SEATTLE, WA	50	3	1	8064	8000
18.01	ATLANTA, GA	30	1	1	1536	1000
26.89	BUFFALO, NY	10	2	1	1664	1500
15.00	BUFFALO, NY	15	1	3	1536	1500
38.40	SAN JOSE, CA	60	2	3	2048	2000
11.92	SAN JOSE, CA	20	1	1	1024	750
6.90	PISCATAWAY, NJ	10	1	1	384	1000
11.18	CHICAGO, IL	10	1	1	1024	500
15.35	BUFFALO, NY	35	1	1	896	500
22.75	LOS ANGELES, CA	65	2	1	1664	1000
29.97	BUFFALO, NY	20	4	1	5248	3500
18.83	BUFFALO, NY	20	2	1	3712	2500
14.15	LOS ANGELES, CA	10	1	1	2944	3000
20.11	BUFFALO, NY	20	2	1	4608	3000
18.25	LOS ANGELES, CA	10	2	1	1152	1000
25.48	BUFFALO, NY	10	3	1	1280	500
19.24	DALLAS, TX	10	2	1	1792	1000
17.42	DALLAS, TX	10	1	1	1920	1500
21.45	LOS ANGELES, CA	50	2	1	2048	1500
26.19	BUFFALO, NY	10	3	1	1792	1500
13.76	LOS ANGELES, CA	25	1	1	1024	1000
26.46	BUFFALO, NY	10	3	1	1920	1000
23.46	BUFFALO, NY	10	2	1	1280	1000
24.72	BUFFALO, NY	10	2	1	2048	2000
33.45	BUFFALO, NY	10	2	1	11136	11000
26.15	BUFFALO, NY	10	3	1	1792	1500
34.21	ATLANTA, GA	10	4	1	2432	1500
26.34	BUFFALO, NY	10	3	1	1920	1500
14.72	BUFFALO, NY	15	1	1	2560	2500
13.74	LOS ANGELES, CA	30	1	1	640	500
17.91	DALLAS, TX	50	1	1	1408	500
19.00	CHICAGO, IL	20	2	1	3840	2500
9.00	BUFFALO, NY	15	1	1	512	500
13.00	BUFFALO, NY	25	1	1	1024	2000
15.00	BUFFALO, NY	25	1	2	1536	3000
43.96	SEATTLE, WA	45	4	1	4864	4500
46.11	BUFFALO, NY	5	3	1	11776	11500
35.63	ATLANTA, GA	10	4	1	3456	3000
32.25	BUFFALO, NY	10	3	1	2432	2000
11.10	CHICAGO, IL	10	1	1	1024	250
11.96	PISCATAWAY, NJ	10	1	1	1536	1000
16.41	LOS ANGELES, CA	10	1	1	1152	1000
31.00	BUFFALO, NY	10	3	1	4992	4500
36.20	BUFFALO, NY	10	3	1	5120	5000
32.46	LOS ANGELES, CA	10	3	1	2176	2000
19.21	BUFFALO, NY	10	2	1	1792	1000
13.18	CHICAGO, IL	15	1	1	1408	1000
25.65	BUFFALO, NY	10	3	1	1408	500
13.76	ATLANTA, GA	10	1	1	2688	2500
18.33	DALLAS, TX	20	2	1	3456	2500
27.20	LOS ANGELES, CA	20	4	1	3456	2500
15.99	BUFFALO, NY	30	1	2	1536	3000
8.49	BUFFALO, NY	15	1	1	512	1000
9.50	SAN JOSE, CA	15	1	1	768	500
14.50	SAN JOSE, CA	25	1	1	896	1000
6.70	PISCATAWAY, NJ	10	1	1	512	500
6.49	ATLANTA, GA	10	1	1	768	1000
13.49	ATLANTA, GA	20	1	2	1024	1500
5.00	BUFFALO, NY	15	1	1	192	1000
17.00	ATLANTA, GA	10	1	3	2048	2000
7.00	ATLANTA, GA	15	1	1	512	1000
4.99	BUFFALO, NY	10	1	1	384	500
6.30	BUFFALO, NY	15	1	1	384	1000
7.68	SAN JOSE, CA	15	1	1	768	500
6.99	BUFFALO, NY	15	1	1	384	1000
4.99	BUFFALO, NY	10	1	1	192	750
7.50	BUFFALO, NY	20	1	1	256	1500
8.00	BUFFALO, NY	20	1	1	512	1500
12.82	BUFFALO, NY	30	1	2	768	1000
50.00	SAN JOSE, CA	90	3	3	4072	3000
11.60	LOS ANGELES, CA	20	1	1	768	750
32.00	BUFFALO, NY	60	2	3	2048	2000
43.00	BUFFALO, NY	75	2	3	3072	2500
6.99	DALLAS, TX	10	1	1	512	1000
6.00	CHICAGO, IL	5	1	1	768	1000
7.30	SAN JOSE, CA	15	1	1	512	1000
6.00	BUFFALO, NY	10	1	1	512	1000
43.55	SEATTLE, WA	65	4	1	2816	1500
15.73	PISCATAWAY, NJ	10	1	1	768	500
44.63	BUFFALO, NY	10	4	1	9216	6000
13.62	DALLAS, TX	30	1	1	640	250
34.48	LOS ANGELES, CA	10	4	1	2688	2500
11.08	LOS ANGELES, CA	15	1	1	512	250
25.83	DALLAS, TX	20	4	1	2560	1500
52.16	SEATTLE, WA	50	4	1	9984	9500
16.18	BUFFALO, NY	15	1	1	3712	3500
19.42	BUFFALO, NY	10	2	1	1920	1500
26.54	BUFFALO, NY	10	3	1	2048	1000
20.19	BUFFALO, NY	10	2	1	2432	2000
26.31	SEATTLE, WA	20	4	1	2816	2000
16.73	BUFFALO, NY	10	1	1	1408	1000
11.90	BUFFALO, NY	10	1	1	1536	1500
12.60	BUFFALO, NY	10	1	1	1920	1500
18.70	ATLANTA, GA	10	2	1	1408	500
13.51	LOS ANGELES, CA	25	1	1	896	250
11.25	CHICAGO, IL	10	1	1	1152	1000
49.31	BUFFALO, NY	10	4	1	12288	12000
17.01	DALLAS, TX	10	1	1	1536	1500
13.46	BUFFALO, NY	10	1	1	2560	2500
16.74	ATLANTA, GA	10	1	1	2304	2000
15.01	CHICAGO, IL	25	1	1	2048	2000
22.25	LOS ANGELES, CA	10	2	1	1792	1500
14.97	BUFFALO, NY	10	1	1	3584	3500
27.00	SAN JOSE, CA	80	2	1	2560	1500
34.97	BUFFALO, NY	10	4	1	2944	1500
25.52	BUFFALO, NY	10	3	1	1280	500
17.85	CHICAGO, IL	10	1	1	2176	2000
24.63	DALLAS, TX	10	2	1	2048	2000
24.23	PISCATAWAY, NJ	10	1	1	6272	6000
12.64	DALLAS, TX	30	1	1	640	250
15.25	LOS ANGELES, CA	10	2	1	1408	1000
5.00	LOS ANGELES, CA	30	1	1	2048	400
9.95	LOS ANGELES, CA	5	1	1	8192	100
44.78	ATLANTA, GA	10	4	1	9216	6000
21.79	BUFFALO, NY	10	2	1	3456	3000
15.64	LOS ANGELES, CA	40	1	1	896	500
16.50	BUFFALO, NY	10	1	1	4480	4500
33.45	LOS ANGELES, CA	10	4	1	1920	1000
4.99	BUFFALO, NY	10	1	1	256	500
4.50	BUFFALO, NY	5	1	1	192	100
14.50	SAN JOSE, CA	30	1	1	1024	1000
6.50	BUFFALO, NY	15	1	1	896	1000
5.00	PISCATAWAY, NY	15	1	1	512	1000
88.88	BUFFALO, NY	88	8	8	8888	8888
33.33	BUFFALO, NY	35	6	3	6144	3000
3.90	BUFFALO, NY	7	1	1	192	500
12.00	SAN JOSE, CA	25	1	2	1024	1000
3.90	BUFFALO, NY	7	1	1	192	500
12.00	BUFFALO, NY	5	2	4	2048	100
8.00	BUFFALO, NY	80	8	1	8192	8
5.02	BUFFALO, NY	5	2	2	502	2000
2.00	BUFFALO, NY	20	2	1	2048	2000
